{
    "result": [
        {
            "firstName": "Joe",
            "lastName": "Smith",
            "title": "Mr.",
            "company": "Dev Inc.",
            "jobTitle": "Developer",
            "employeeNumber": 1,
            "primaryContactNumber": "+359777123456",
            "otherContactNumbers": [
                "+359777456789",
                "+359777112233"
            ],
            "primaryEmailAddress": "joe.smith@xyz.com",
            "emailAddresses": [
                "j.smith@xyz.com"
            ],
            "groups": [
                "Dev",
                "Family"
            ]
        },
        {
            "firstName": "John",
            "lastName": "Douglas",
            "title": "Mr.",
            "company": "Fidelity",
            "jobTitle": "Manager",
            "employeeNumber": 42,
            "primaryContactNumber": "+359777223344",
            "otherContactNumbers": [],
            "primaryEmailAddress": "john.douglas@xyz.com",
            "emailAddresses": [
                "j.douglas@xyz.com"
            ],
            "groups": [
                "Dev"
            ]
        }
    ]
}