<?xml version="1.0" encoding="UTF-8"?>
<!DOCTYPE mapper PUBLIC "-//mybatis.org//DTD Mapper 3.0//EN" 
"http://mybatis.org/dtd/mybatis-3-mapper.dtd">

<mapper namespace="com.fidelity.integration.EmployeeMapper">
 
 	<resultMap type="Employee" id="EmployeeMap">
		<id property="id"				column="EMPLOYEE_ID" />
		<result property="firstName"	column="FIRST_NAME" />
		<result property="lastName"		column="LAST_NAME" />
		<result property="email"		column="EMAIL" />
		<result property ="phoneNumber" column ="PHONE_NUMBER"/>
		<result property="hireDate"		column="HIRE_DATE" />
		<result property="salary"		column="SALARY" />
		<collection property = "job" resultMap = "JobMap" />
	</resultMap>

	<resultMap type = "Job" id = "JobMap">
		<id property="id"				column="JOB_ID" />
		<result property = "jobTitle" column = "JOB_TITLE" />
		<result property = "minSalary" column = "MIN_SALARY"/>
		<result property = "maxSalary" column = "MAX_SALARY"/>
	</resultMap>
	
	<select id = "getAllEmployees" resultMap="EmployeeMap">
		SELECT EMPLOYEE_ID, FIRST_NAME,LAST_NAME,EMAIL,PHONE_NUMBER,HIRE_DATE,SALARY
		FROM EMPLOYEES
		ORDER BY EMPLOYEE_ID
	</select>
	
	<select id = "getAllEmployeesAndJobs" resultMap = "EmployeeMap">
		SELECT e.EMPLOYEE_ID, e.PHONE_NUMBER,e.FIRST_NAME,e.LAST_NAME,e.EMAIL,e.PHONE_NUMBER,e.HIRE_DATE,e.SALARY,
       		j.JOB_ID, j.JOB_TITLE, j.MIN_SALARY, j.MAX_SALARY
		FROM EMPLOYEES e
		LEFT JOIN JOBS j
		ON e.JOB_ID = j.JOB_ID
		ORDER BY e.EMPLOYEE_ID
	</select>
	
	<insert id = "insertEmployee" parameterType = "Employee">
	INSERT INTO EMPLOYEES(EMPLOYEE_ID,FIRST_NAME,LAST_NAME,EMAIL,PHONE_NUMBER,HIRE_DATE,SALARY, JOB_ID)
	VALUES (
		#{id},
		#{firstName},
		#{lastName},
		#{email},
		#{phoneNumber}, 
		#{hireDate}, 
		#{salary},
		'IT_PROG')
	</insert>

</mapper>