<?xml version="1.0" encoding="UTF-8"?>
<project xmlns="http://maven.apache.org/POM/4.0.0" xmlns:xsi="http://www.w3.org/2001/XMLSchema-instance" xsi:schemaLocation="http://maven.apache.org/POM/4.0.0 http://maven.apache.org/maven-v4_0_0.xsd">
  <modelVersion>4.0.0</modelVersion>
  <groupId>LambdaGreeter</groupId>
  <artifactId>lambda-java-example</artifactId>
  <name>lambda-java-example</name>
  <version>0.0.1-SNAPSHOT</version>
  <description>A simple Lambda function written in Java</description>
  <build>
    <plugins>
      <plugin>
        <artifactId>maven-shade-plugin</artifactId>
        <version>2.3</version>
      </plugin>
    </plugins>
  </build>
</project>

