<?xml version="1.0" encoding="UTF-8"?>
<!DOCTYPE mapper PUBLIC "-//mybatis.org//DTD Mapper 3.0//EN" 
"http://mybatis.org/dtd/mybatis-3-mapper.dtd">

<mapper namespace="com.roifmr.presidents.integration.mapper.PresidentsMapper">

	<resultMap type="President" id="presidentMap">
		<id property = "id" column = "PRESIDENTID"></id>
		<result property = "firstName" column = "FIRSTNAME"></result>
		<result property = "lastName" column = "LASTNAME"></result>
		<result property = "firstYear" column = "STARTYEAR"></result>
		<result property = "lastYear" column = "ENDYEAR"></result>
		<result property = "image" column = "IMAGEPATH"></result>
		<result property = "biography" column = "BIO"></result>
	</resultMap>
	
	<select id = "getAllPresidents" resultMap = "presidentMap">
	
	SELECT 
	PRESIDENTID ,FIRSTNAME,LASTNAME,STARTYEAR,ENDYEAR,IMAGEPATH,BIO
	FROM presidents
	
	</select>
	
	<select id = "getBiographyById" parameterType = "int" resultType = "String">
	
	SELECT 
	BIO
	FROM presidents
	WHERE presidentId = #{id}
	
	</select>
	
</mapper>